<?xml version="1.0" encoding="utf-8" ?>
<?xml-stylesheet type="text/css" href="hotel.css" ?>
<!DOCTYPE hotels SYSTEM "hotel.dtd">

<hotels>
    <menu>
        <name>酒店名称</name>
        <address>地址</address>
        <main>主页</main>
        <email>电子邮件</email>
        <tel>电话</tel>
    </menu>
    <hotel>
        <name>四海大酒店</name>
        <address>海魂路1号</address>
        <main>www.sihaohotel.com.cn</main>
        <email>master@sihaohotel.com.cn</email>
        <tel>(0989)8888888</tel>
    </hotel>
    <hotel>
        <name>五湖宾馆</name>
        <address>东平路99号</address>
        <main>www.wuhu.com.cn</main>
        <email>web@wuhu.com.cn</email>
        <tel>(0989)1111666</tel>
    </hotel>
    <hotel>
        <name>“大沙漠”宾馆</name>
        <address>留香路168号</address>
        <main>www.dashamohotel.com.cn</main>
        <email>master@dashamohotel.com.cn</email>
        <tel>(0989)87878788</tel>
    </hotel>
    <hotel>
        <name>“画眉鸟”大酒店</name>
        <address>血海飘香路2号</address>
        <main>www.throstlehotel.com.cn</main>
        <email>chuliuxiang@throstlehotel.com.cn</email>
        <tel>(099)9886666</tel>
    </hotel>
</hotels>
